,2023-12,2025-10,2025-11,2025-12,2026-01,2026-02,2026-03,2026-04,2026-05,2026-06,2026-07,2026-08,2026-09
Weighted Index,100,142,145,157,179,273,371,254,252,313,291,366,411
MariaDB.org Downloads,63395,97477,108674,123778,116269,129774,167373,189006,225260,323341,392296,526572,530329
Debian Popcon,421596,499879,482461,491610,491137,436722,498796,446063,417520,384358,392698,367002,340688
Docker Official Image Pulls,6572933,16175124,11823754,11336001,12376598,13075276,15498878,15905302,17819752,17690070,22150918,25309177,27700141
GitHub New PRs External,3,3,8,13,23,66,109,36,24,46,18,36,57
Github New PRs Unique Contributors,11,61,63,67,75,95,112,114,121,118,112,116,124
Github Returning Contributors,3,6,6,6,8,15,19,20,24,17,17,16,17
GitHub Stars,5372,6598,6733,6853,7087,7234,7380,7516,7662,7786,7907,8161,8302
Github repo README mariadb,140000,190352,199493,208854,217396,226685,237752,245528,265588,280935,297089,314637,335955
Zulip Total Users,1733,2128,2146,2165,2187,2288,2405,2421,2430,2440,2450,2462,2477
Zulip Users 15-day active,46,23,31,27,31,46,36,13,20,33,28,25,19
DB Engines Score,99,87,87,87,87,86,87,86,82,81,80,79,74
Google Trends,44,60,58,46,52,59,72,69,82,86,57,40,38
Wikipedia Views All Langs,28765,22463,21927,21262,24159,21644,22111,20802,21230,24066,21613,20046,21819
Reddit Subscribers (MariaDB),2178,3134,3182,3289,3388,3480,3549,3637,3678,3812,3889,3978,4085
Hackernews,6,5,0,0,0,14,14,9,4,4,5,5,10
Stackexchange new mariadb questions,84,21,16,8,15,13,7,7,8,7,5,5,7
LinkedIn Followers Foundation,4000,5118,5188,5420,5650,5886,5934,6026,6119,6383,6471,6579,6738
LinkedIn Followers PLC,21000,24657,25015,25233,25523,25973,26103,26405,26680,26903,27149,27414,27644
YouTube Subscribers Foundation,2400,3180,3240,3270,3300,3330,3360,3380,3390,3410,3430,3450,3460
YouTube Subscribers plc,2440,3660,3750,3810,3890,3950,4010,4050,4080,4110,4140,4170,4190
Fosstodon Followers Foundation,213,350,352,359,375,388,394,395,398,407,415,416,417
Instagram Followers Foundation,1132,1243,1245,1244,1244,1245,1242,1244,1239,1235,1236,1232,1232
X (Twitter) Foundation Followers,2860,2978,2981,2979,2975,2977,2980,2982,2987,2988,2994,3000,2999
X (Twitter) plc Followers,474043,455807,454982,454618,454278,453890,453298,453239,452599,452041,451518,450745,450500
