,2024-01,2024-05,2024-06,2024-07,2024-08,2024-09,2024-10,2024-11,2024-12,2025-01,2025-03,2025-04
Weighted Index,100,100,84,101,106,123,108,112,112,146,196,171
MariaDB.org Downloads,71617,75840,69828,72452,91304,85491,90238,101014,78550,82015,107629,0
Debian Popcon,400955,378631,348928,351505,353434,337494,345524,326865,331569,329985,316712,308663
Docker Official Image Pulls,6572933,0,0,0,0,0,0,0,0,6572933,9710875,11732543
GitHub New PRs External,1,3,1,4,4,7,4,4,5,8,15,15
Github New PRs Unique Contributors,12,19,19,20,22,26,29,32,32,36,49,52
GitHub Stars,5372,5372,5412,5467,5535,5596,5648,5700,5800,5800,5953,6009
Github repo README mariadb,140000,0,0,0,0,0,0,0,140000,140000,147692,152175
Zulip Total Users,1750,1834,1843,1852,1860,1873,1884,1894,1907,1925,2059,2085
Zulip Users 15-day active,46,42,48,43,46,50,44,38,36,56,46,29
DB Engines Score,97,91,90,86,83,84,82,83,85,89,94,94
Google Trends,81,79,80,77,75,78,78,79,71,76,76,68
Wikipedia Views All Langs,37738,31096,28748,28880,28972,32894,31073,27722,26132,36740,30534,26582
Reddit Subscribers (MariaDB),2217,2300,2400,2400,2400,2500,2550,2600,2600,2600,2666,2696
Hackernews,4,6,2,4,2,5,1,2,1,5,2,5
Stackexchange new mariadb questions,90,81,47,52,54,42,35,32,18,34,31,23
LinkedIn Followers Foundation,4000,3854,3861,3945,3999,4036,4087,4138,4161,4296,4442,4492
LinkedIn Followers PLC,21000,21000,21000,21580,21706,21837,21975,22113,22233,22454,22865,23081
YouTube Subscribers Foundation,2440,2600,2620,2690,2740,2790,2820,2850,2880,2900,2960,3000
YouTube Subscribers plc,2500,2770,2820,2870,2910,2970,3030,3090,3140,3180,3300,3360
Fosstodon Followers Foundation,223,258,261,264,267,282,286,289,292,303,316,321
Instagram Followers Foundation,1128,1167,1170,1176,1169,1162,1186,1210,1225,1229,1232,1238
X (Twitter) Foundation Followers,2866,2932,2946,2969,2975,2992,2981,2970,2970,2955,2972,2969
X (Twitter) plc Followers,473007,467998,467197,466252,464620,464010,463217,462423,461541,460880,460100,459400
