date,github_repo_readme
2025-03-14,145730
2025-03-15,145797
2025-03-16,145883
2025-03-17,145971
2025-03-18,146080
2025-03-19,146234
2025-03-20,146377
2025-03-21,146484
2025-03-22,146608
2025-03-23,146710
2025-03-24,146838
2025-03-25,146987
2025-03-26,147125
2025-03-27,147262
2025-03-28,147382
2025-03-29,147486
2025-03-30,147592
2025-03-31,147692
2025-04-01,147854
2025-04-02,147986
2025-04-03,148148
2025-04-04,148273
2025-04-05,148394
2025-04-06,148500
2025-04-07,148626
2025-04-08,148766
2025-04-09,148958
2025-04-10,149120
2025-04-11,149255
2025-04-12,149427
2025-04-13,149545
2025-04-14,149697
2025-04-15,149860
2025-04-16,150027
2025-04-17,150169
2025-04-18,150354
2025-04-19,150503
2025-04-20,150591
2025-04-21,150701
2025-04-22,150859
2025-04-23,151047
2025-04-24,151204
2025-04-25,151416
2025-04-26,151574
2025-04-27,151708
2025-04-28,151850
2025-04-29,152021
2025-04-30,152175
2025-05-01,152334
2025-05-02,152465
2025-05-03,152629
2025-05-04,152734
2025-05-05,152851
2025-05-06,153016
2025-05-07,153187
2025-05-08,153352
2025-05-09,153521
2025-05-10,153661
2025-05-11,153767
