date,reddit_subscribers
2025-03-20,2652
2025-03-21,2651
2025-03-26,2667
2025-03-27,2666
2025-04-07,2682
2025-04-08,2681
2025-04-09,2681
2025-04-10,2680
2025-04-11,2680
2025-04-12,2681
2025-04-13,2682
2025-04-14,2683
2025-04-15,2687
2025-04-16,2688
2025-04-17,2690
2025-04-18,2690
2025-04-19,2689
2025-04-20,2689
2025-04-21,2689
2025-04-22,2689
2025-04-23,2691
2025-04-24,2692
2025-04-25,2693
2025-04-26,2694
2025-04-27,2695
2025-04-28,2695
2025-04-29,2696
2025-04-30,2696
2025-05-01,2696
2025-05-02,2699
2025-05-03,2700
2025-05-04,2704
2025-05-05,2710
2025-05-06,2710
2025-05-07,2710
2025-05-08,2710
2025-05-09,2710
2025-05-10,2710
2025-05-11,2712
2025-05-12,2714
2025-05-13,2718
2025-05-15,2728
2025-05-16,2734
2025-05-17,2738
2025-05-18,2740
2025-05-19,2739
2025-05-20,2740
2025-05-21,2741
2025-05-22,2743
2025-05-23,2744
2025-05-24,2742
2025-05-25,2744
2025-05-27,2746
2025-05-28,2748
2025-05-29,2751
2025-05-30,2753
2025-05-31,2757
2025-06-01,2758
2025-06-02,2762
2025-06-03,2764
2025-06-04,2764
2025-06-05,2766
2025-06-06,2768
2025-06-07,2772
2025-06-08,2774
2025-06-09,2774
2025-06-10,2778
2025-06-11,2781
2025-06-12,2785
2025-06-13,2785
2025-06-14,2786
2025-06-15,2786
2025-06-16,2790
2025-06-17,2791
2025-06-18,2793
2025-06-19,2795
2025-06-20,2798
2025-06-21,2798
2025-06-22,2797
2025-06-23,2797
2025-06-24,2799
2025-06-25,2800
2025-06-26,2802
2025-06-27,2806
2025-06-28,2808
2025-06-29,2808
2025-06-30,2809
2025-07-01,2811
2025-07-02,2815
2025-07-03,2816
2025-07-04,2820
2025-07-05,2821
2025-07-06,2820
2025-07-07,2821
2025-07-08,2823
2025-07-09,2836
2025-07-10,2845
2025-07-11,2855
2025-07-12,2858
2025-07-13,2861
2025-07-14,2865
2025-07-15,2865
2025-07-16,2867
2025-07-17,2875
2025-07-18,2881
2025-07-19,2880
2025-07-20,2881
2025-07-21,2881
2025-07-22,2880
2025-07-23,2880
2025-07-24,2881
2025-07-25,2882
2025-07-26,2882
2025-07-27,2882
2025-07-28,2882
2025-07-29,2887
2025-07-30,2890
2025-07-31,2891
2025-08-01,2893
2025-08-02,2894
2025-08-03,2895
2025-08-04,2895
2025-08-05,2895
2025-08-06,2896
2025-08-07,2895
2025-08-08,2895
2025-08-09,2896
2025-08-10,2897
2025-08-11,2899
2025-08-12,2899
2025-08-13,2903
2025-08-14,2902
2025-08-15,2911
2025-08-16,2914
2025-08-17,2915
2025-08-18,2915
2025-08-19,2916
2025-08-20,2916
2025-08-21,2920
2025-08-22,2922
2025-08-23,2922
2025-08-24,2923
2025-08-25,2924
2025-08-26,2933
2025-08-27,2935
2025-08-28,2939
2025-08-29,2944
2025-08-30,2950
2025-08-31,2951
2025-09-01,2951
2025-09-02,2952
2025-09-03,2953
2025-09-04,2952
2025-09-05,2958
2025-09-06,2964
2025-09-07,2967
2025-09-08,2967
2025-09-09,2967
2025-09-10,2968
2025-09-11,2974
2025-09-12,2974
2025-09-13,2976
2025-09-14,2981
2025-09-15,2986
2025-09-16,2994
2025-09-17,3000
2025-09-18,3005
2025-09-19,3006
