month,google_trends
2021-09,41.0
2021-10,41.4
2021-11,43.5
2021-12,39.5
2022-01,51.8
2022-02,60.5
2022-03,60.5
2022-04,60.0
2022-05,53.4
2022-06,50.75
2022-07,50.4
2022-08,49.0
2022-09,49.25
2022-10,50.2
2022-11,52.25
2022-12,48.75
2023-01,50.4
2023-02,53.5
2023-03,50.25
2023-04,48.8
2023-05,47.75
2023-06,48.25
2023-07,50.4
2023-08,50.25
2023-09,50.25
2023-10,50.8
2023-11,51.75
2023-12,44.6
2024-01,53.5
2024-02,57.5
2024-03,55.6
2024-04,55.25
2024-05,54.5
2024-06,54.8
2024-07,50.5
2024-08,49.5
2024-09,51.4
2024-10,51.5
2024-11,51.75
2024-12,46.6
2025-01,49.25
2025-02,51.25
2025-03,50.8
2025-04,44.25
2025-05,45.5
2025-06,45.4
2025-07,43.5
2025-08,61.4
2025-09,61.75
2025-10,60.0
2025-11,58.2
2025-12,46.25
2026-01,52.5
2026-02,59.75
2026-03,72.8
2026-04,69.0
2026-05,82.6
2026-06,86.5
2026-07,57.5
2026-08,40.4
2026-09,38.25
