month,hackernews
2009-04,1
2010-09,1
2011-01,1
2011-02,1
2011-09,2
2011-10,1
2011-12,2
2012-02,1
2012-03,1
2015-06,1
2015-07,3
2015-08,5
2015-09,6
2015-10,5
2017-12,1
2018-01,2
2018-02,3
2018-03,7
2018-04,6
2019-11,1
2019-12,2
2020-01,1
2020-02,1
2020-03,3
2021-02,4
2021-03,4
2021-05,1
2021-06,2
2021-07,1
2021-08,3
2021-09,1
2021-10,1
2022-02,1
2022-03,2
2022-11,4
2022-12,1
2023-02,4
2023-04,7
2023-07,3
2023-11,1
2023-12,6
2024-02,2
2024-03,2
2024-04,5
2024-05,5
2024-06,2
2024-08,2
2024-09,6
2024-10,1
2024-11,2
2024-12,1
2025-01,9
2025-02,6
2025-03,4
2025-04,5
2025-05,5
2025-06,3
2025-07,2
2025-08,7
2025-09,9
2025-10,5
2026-02,14
2026-03,14
2026-04,9
2026-05,4
2026-06,4
2026-07,5
2026-08,5
2026-09,10
