date,github_stars
2025-03-14,5913
2025-03-15,5914
2025-03-16,5915
2025-03-17,5919
2025-03-18,5923
2025-03-19,5927
2025-03-20,5929
2025-03-21,5930
2025-03-22,5932
2025-03-23,5934
2025-03-24,5938
2025-03-25,5944
2025-03-26,5945
2025-03-27,5947
2025-03-28,5949
2025-03-29,5952
2025-03-30,5953
2025-03-31,5953
2025-04-01,5957
2025-04-02,5959
2025-04-03,5959
2025-04-04,5966
2025-04-05,5966
2025-04-06,5968
2025-04-07,5970
2025-04-08,5971
2025-04-09,5973
2025-04-10,5973
2025-04-11,5977
2025-04-12,5979
2025-04-13,5980
2025-04-14,5981
2025-04-15,5982
2025-04-16,5984
2025-04-17,5985
2025-04-18,5986
2025-04-19,5992
2025-04-20,5994
2025-04-21,5993
2025-04-22,5995
2025-04-23,5996
2025-04-24,6001
2025-04-25,6001
2025-04-26,6001
2025-04-27,6004
2025-04-28,6004
2025-04-29,6007
2025-04-30,6009
2025-05-01,6010
2025-05-02,6012
2025-05-03,6014
2025-05-04,6019
2025-05-05,6021
2025-05-06,6024
2025-05-07,6028
2025-05-08,6029
2025-05-09,6029
2025-05-10,6029
2025-05-11,6035
2025-05-12,6035
2025-05-13,6038
2025-05-15,6041
2025-05-16,6041
2025-05-17,6045
2025-05-18,6046
2025-05-19,6047
2025-05-20,6048
2025-05-21,6052
2025-05-22,6054
2025-05-23,6053
2025-05-24,6054
2025-05-25,6055
2025-05-27,6057
2025-05-28,6059
2025-05-29,6057
2025-05-30,6063
2025-05-31,6064
2025-06-01,6065
2025-06-02,6067
2025-06-03,6067
2025-06-04,6069
2025-06-05,6070
2025-06-06,6073
2025-06-07,6077
2025-06-08,6082
2025-06-09,6086
2025-06-10,6093
2025-06-11,6097
2025-06-12,6102
2025-06-13,6103
2025-06-14,6107
2025-06-15,6107
2025-06-16,6110
2025-06-17,6111
2025-06-18,6115
2025-06-19,6122
2025-06-20,6124
2025-06-21,6129
2025-06-22,6134
2025-06-23,null
2025-06-24,6136
2025-06-25,6137
2025-06-26,6142
2025-06-27,6149
2025-06-28,6150
2025-06-29,6151
2025-06-30,null
2025-07-01,6157
2025-07-02,6160
2025-07-03,6165
2025-07-04,6170
2025-07-05,6169
2025-07-06,6171
2025-07-07,6173
2025-07-08,6174
2025-07-09,6179
2025-07-10,6182
2025-07-11,6182
2025-07-12,6182
2025-07-13,6186
2025-07-14,null
2025-07-15,6189
2025-07-16,6192
2025-07-17,6194
2025-07-18,6197
2025-07-19,6198
2025-07-20,6201
2025-07-21,6205
2025-07-22,null
2025-07-23,6209
2025-07-24,6212
2025-07-25,6214
2025-07-26,6217
2025-07-27,6217
2025-07-28,6219
2025-07-29,6223
2025-07-30,6224
2025-07-31,6227
2025-08-01,6226
2025-08-02,6228
2025-08-03,6231
2025-08-04,6234
2025-08-05,6239
2025-08-06,6239
2025-08-07,6244
2025-08-08,6250
2025-08-09,6255
2025-08-10,6260
2025-08-11,6267
2025-08-12,6269
2025-08-13,6275
2025-08-14,6279
2025-08-15,6282
2025-08-16,6286
2025-08-17,6290
2025-08-18,6296
2025-08-19,6301
2025-08-20,6307
2025-08-21,6308
2025-08-22,6311
2025-08-23,6313
2025-08-24,6315
2025-08-25,6320
2025-08-26,6322
2025-08-27,6326
2025-08-28,6332
2025-08-29,6338
2025-08-30,6340
2025-08-31,6345
2025-09-01,6350
2025-09-02,6353
2025-09-03,6358
2025-09-04,6362
2025-09-05,6369
2025-09-06,6373
2025-09-07,6376
2025-09-08,6378
2025-09-09,6386
2025-09-10,6393
2025-09-11,6393
2025-09-12,6398
2025-09-13,6401
2025-09-14,6401
2025-09-15,6402
2025-09-16,6408
2025-09-17,6411
2025-09-18,6416
2025-09-19,6421
2025-09-20,6425
2025-09-21,6431
2025-09-22,6437
2025-09-23,6440
2025-09-24,6446
2025-09-25,6449
2025-09-26,6454
2025-09-27,6456
2025-09-28,6459
2025-09-29,6465
2025-09-30,6471
2025-10-01,6480
2025-10-02,6486
2025-10-03,6486
2025-10-04,6491
2025-10-05,6497
2025-10-06,6500
2025-10-07,6506
2025-10-08,6508
2025-10-09,6514
2025-10-10,6513
2025-10-11,6517
2025-10-12,6521
2025-10-13,6524
2025-10-14,6525
2025-10-15,6526
